id,warehouse,name,supplier,stock,fdo,fact_end_month,updated_at
2127,Калинина,Вольт Апельсин Маракуйя,Вларт,0,,0,2026-08-09 19:30:49
2126,Калинина,Вольт Без Сахара,Вларт,0,,0,2026-08-09 19:30:48
2124,Калинина,Вольт Виноград Гуава,Вларт,0,,0,2026-08-09 19:30:48
2119,Калинина,Вольт Вишня Кола,Вларт,0,,0,2026-08-09 19:30:47
2125,Калинина,Вольт Голубика Гранат,Вларт,0,,0,2026-08-09 19:30:48
2120,Калинина,Вольт Грейпфрут Клубника,Вларт,0,,0,2026-08-09 19:30:47
2123,Калинина,Вольт Клубника Банан,Вларт,0,,0,2026-08-09 19:30:48
2122,Калинина,Вольт Кокос Манго,Вларт,0,,0,2026-08-09 19:30:47
2121,Калинина,Вольт Манго Лайм,Вларт,0,,0,2026-08-09 19:30:47
2118,Калинина,Вольт Оригинальный,Вларт,0,,0,2026-08-09 17:33:37
2129,Калинина,Вольт Персик,Вларт,0,,0,2026-08-09 19:30:49
2128,Калинина,Вольт Сливовый пирог,Вларт,0,,0,2026-08-09 19:30:49
2130,Калинина,Натахтари Виноград Саперави,Вларт,0,,0,2026-08-09 19:30:49
2131,Калинина,Натахтари Груша,Вларт,0,,0,2026-08-09 19:30:50
2132,Калинина,Натахтари Тархун,Вларт,0,,0,2026-08-09 19:30:50
2133,Калинина,Натахтари Фейхоа,Вларт,0,,0,2026-08-09 19:30:50
163,Русская,Вольт Апельсин Маракуйя,Вларт,0,,0,2026-08-09 19:32:24
162,Русская,Вольт Без Сахара,Вларт,0,,0,2026-08-09 19:32:24
160,Русская,Вольт Виноград Гуава,Вларт,-1,,0,2026-08-09 19:32:24
155,Русская,Вольт Вишня Кола,Вларт,-1,,0,2026-08-09 19:32:22
161,Русская,Вольт Голубика Гранат,Вларт,-2,,0,2026-08-09 19:32:24
156,Русская,Вольт Грейпфрут Клубника,Вларт,0,,0,2026-08-09 19:32:23
159,Русская,Вольт Клубника Банан,Вларт,-3,,0,2026-08-09 19:32:23
158,Русская,Вольт Кокос Манго,Вларт,0,,0,2026-08-09 19:32:23
157,Русская,Вольт Манго Лайм,Вларт,-1,,0,2026-08-09 19:32:23
154,Русская,Вольт Оригинальный,Вларт,-3,,0,2026-08-09 17:29:25
165,Русская,Вольт Персик,Вларт,13,,0,2026-08-09 19:32:25
164,Русская,Вольт Сливовый пирог,Вларт,-2,,,2026-08-09 19:32:25
166,Русская,Натахтари Виноград Саперави,Вларт,0,,0,2026-08-09 19:32:25
167,Русская,Натахтари Груша,Вларт,-1,,0,2026-08-09 19:32:25
168,Русская,Натахтари Тархун,Вларт,0,,0,2026-08-09 19:32:25
169,Русская,Натахтари Фейхоа,Вларт,1,,0,2026-08-09 19:32:26
553,Сахалинская,Вольт Апельсин Маракуйя,Вларт,0,,0,2026-08-09 19:34:00
552,Сахалинская,Вольт Без Сахара,Вларт,0,,0,2026-08-09 19:34:00
550,Сахалинская,Вольт Виноград Гуава,Вларт,0,,0,2026-08-09 19:33:59
545,Сахалинская,Вольт Вишня Кола,Вларт,-1,,0,2026-08-09 19:33:58
551,Сахалинская,Вольт Голубика Гранат,Вларт,0,,0,2026-08-09 19:33:59
546,Сахалинская,Вольт Грейпфрут Клубника,Вларт,0,,0,2026-08-09 19:33:58
549,Сахалинская,Вольт Клубника Банан,Вларт,0,,0,2026-08-09 19:33:59
548,Сахалинская,Вольт Кокос Манго,Вларт,0,,0,2026-08-09 19:33:59
547,Сахалинская,Вольт Манго Лайм,Вларт,0,,0,2026-08-09 19:33:58
544,Сахалинская,Вольт Оригинальный,Вларт,0,,0,2026-08-09 17:30:14
555,Сахалинская,Вольт Персик,Вларт,0,,0,2026-08-09 19:34:00
554,Сахалинская,Вольт Сливовый пирог,Вларт,0,,,2026-08-09 19:34:00
556,Сахалинская,Натахтари Виноград Саперави,Вларт,-20,,0,2026-08-09 19:34:01
557,Сахалинская,Натахтари Груша,Вларт,0,,0,2026-08-09 19:34:01
558,Сахалинская,Натахтари Тархун,Вларт,0,,0,2026-08-09 19:34:01
559,Сахалинская,Натахтари Фейхоа,Вларт,-20,,0,2026-08-09 19:34:01
1335,Светланская,Вольт Апельсин Маракуйя,Вларт,0,,0,2026-08-09 19:35:35
1334,Светланская,Вольт Без Сахара,Вларт,0,,0,2026-08-09 19:35:35
1332,Светланская,Вольт Виноград Гуава,Вларт,2,,0,2026-08-09 19:35:35
1327,Светланская,Вольт Вишня Кола,Вларт,2,,0,2026-08-09 19:35:34
1333,Светланская,Вольт Голубика Гранат,Вларт,0,,0,2026-08-09 19:35:35
1328,Светланская,Вольт Грейпфрут Клубника,Вларт,0,,0,2026-08-09 19:35:34
1331,Светланская,Вольт Клубника Банан,Вларт,0,,0,2026-08-09 19:35:35
1330,Светланская,Вольт Кокос Манго,Вларт,0,,0,2026-08-09 19:35:34
1329,Светланская,Вольт Манго Лайм,Вларт,-2,,0,2026-08-09 19:35:34
1326,Светланская,Вольт Оригинальный,Вларт,-6,,0,2026-08-09 17:31:56
1337,Светланская,Вольт Персик,Вларт,-4,,0,2026-08-09 19:35:36
1336,Светланская,Вольт Сливовый пирог,Вларт,0,,0,2026-08-09 19:35:36
1338,Светланская,Натахтари Виноград Саперави,Вларт,0,,0,2026-08-09 19:35:36
1339,Светланская,Натахтари Груша,Вларт,0,,0,2026-08-09 19:35:36
1340,Светланская,Натахтари Тархун,Вларт,-1,,0,2026-08-09 19:35:37
1341,Светланская,Натахтари Фейхоа,Вларт,-13,,0,2026-08-09 19:35:37
943,Трамвайная,Вольт Апельсин Маракуйя,Вларт,0,,0,2026-08-09 19:37:12
942,Трамвайная,Вольт Без Сахара,Вларт,-3,,0,2026-08-09 19:37:12
940,Трамвайная,Вольт Виноград Гуава,Вларт,-8,,0,2026-08-09 19:37:11
935,Трамвайная,Вольт Вишня Кола,Вларт,0,,0,2026-08-09 19:37:10
941,Трамвайная,Вольт Голубика Гранат,Вларт,-6,,0,2026-08-09 19:37:11
936,Трамвайная,Вольт Грейпфрут Клубника,Вларт,0,,0,2026-08-09 19:37:10
939,Трамвайная,Вольт Клубника Банан,Вларт,0,,0,2026-08-09 19:37:11
938,Трамвайная,Вольт Кокос Манго,Вларт,-6,,0,2026-08-09 19:37:11
937,Трамвайная,Вольт Манго Лайм,Вларт,1,,0,2026-08-09 19:37:11
934,Трамвайная,Вольт Оригинальный,Вларт,-6,,0,2026-08-09 17:31:05
945,Трамвайная,Вольт Персик,Вларт,24,,0,2026-08-09 19:37:12
944,Трамвайная,Вольт Сливовый пирог,Вларт,2,,0,2026-08-09 19:37:12
946,Трамвайная,Натахтари Виноград Саперави,Вларт,0,,0,2026-08-09 19:37:13
947,Трамвайная,Натахтари Груша,Вларт,-6,,0,2026-08-09 19:37:13
948,Трамвайная,Натахтари Тархун,Вларт,0,,0,2026-08-09 19:37:13
949,Трамвайная,Натахтари Фейхоа,Вларт,1,,0,2026-08-09 19:37:13
1725,Ульяновская,Вольт Апельсин Маракуйя,Вларт,0,,0,2026-08-09 19:38:48
1724,Ульяновская,Вольт Без Сахара,Вларт,0,,0,2026-08-09 19:38:47
1722,Ульяновская,Вольт Виноград Гуава,Вларт,0,,0,2026-08-09 19:38:47
1717,Ульяновская,Вольт Вишня Кола,Вларт,0,,0,2026-08-09 19:38:46
1723,Ульяновская,Вольт Голубика Гранат,Вларт,-3,,0,2026-08-09 19:38:47
1718,Ульяновская,Вольт Грейпфрут Клубника,Вларт,0,,0,2026-08-09 19:38:46
1721,Ульяновская,Вольт Клубника Банан,Вларт,0,,0,2026-08-09 19:38:47
1720,Ульяновская,Вольт Кокос Манго,Вларт,0,,0,2026-08-09 19:38:46
1719,Ульяновская,Вольт Манго Лайм,Вларт,-24,,0,2026-08-09 19:38:46
1716,Ульяновская,Вольт Оригинальный,Вларт,-24,,0,2026-08-09 17:32:46
1727,Ульяновская,Вольт Персик,Вларт,0,,0,2026-08-09 19:38:48
1726,Ульяновская,Вольт Сливовый пирог,Вларт,0,,0,2026-08-09 19:38:48
1728,Ульяновская,Натахтари Виноград Саперави,Вларт,0,,0,2026-08-09 19:38:48
1729,Ульяновская,Натахтари Груша,Вларт,0,,0,2026-08-09 19:38:49
1730,Ульяновская,Натахтари Тархун,Вларт,0,,0,2026-08-09 19:38:49
1731,Ульяновская,Натахтари Фейхоа,Вларт,0,,0,2026-08-09 19:38:49
